id,dataset,tokens,layers,input_shape,num_classes,convs,maxpools,pool_type,variant,depth,relu_neurons,pool_windows,params,epochs,train_acc,test_acc,onnx_top1,onnx_top5,onnx_vs_torch_mismatch,onnx_rel_diff,onnx_ops,train_seconds,onnx
NP1,mnist,c4s2 p,Conv4/2 - MaxPool - FC32 - FC,1x28x28,10,1,1,max,NP,1,228,196,6702,15,0.9678,0.9684,0.9684,0.9995,0,1.19e-06,Conv Flatten Gemm MaxPool Relu,17,NP1.onnx
NA1,mnist,c4s2 a,Conv4/2 - AvgPool - FC32 - FC,1x28x28,10,1,1,avg,NA,1,228,196,6702,15,0.9610,0.9643,0.9643,0.9993,0,9.83e-07,AveragePool Conv Flatten Gemm Relu,17,NA1.onnx
NP2,mnist,c4s2 p c8 p,Conv4/2 - MaxPool - Conv8 - MaxPool - FC32 - FC,1x28x28,10,2,2,max,NP,2,300,268,3030,15,0.9676,0.9736,0.9736,0.9997,0,5.28e-06,Conv Flatten Gemm MaxPool Relu,20,NP2.onnx
NA2,mnist,c4s2 a c8 a,Conv4/2 - AvgPool - Conv8 - AvgPool - FC32 - FC,1x28x28,10,2,2,avg,NA,2,300,268,3030,15,0.9491,0.9543,0.9543,0.9993,0,4.89e-06,AveragePool Conv Flatten Gemm Relu,21,NA2.onnx
P1,mnist,c8s2 p,Conv8/2 - MaxPool - FC32 - FC,1x28x28,10,1,1,max,P,1,424,392,13042,15,0.9812,0.9810,0.9810,0.9999,0,2.15e-06,Conv Flatten Gemm MaxPool Relu,17,P1.onnx
A1,mnist,c8s2 a,Conv8/2 - AvgPool - FC32 - FC,1x28x28,10,1,1,avg,A,1,424,392,13042,15,0.9712,0.9722,0.9722,0.9993,0,1.11e-06,AveragePool Conv Flatten Gemm Relu,15,A1.onnx
P2,mnist,c8s2 p c16 p,Conv8/2 - MaxPool - Conv16 - MaxPool - FC32 - FC,1x28x28,10,2,2,max,P,2,568,536,6274,15,0.9849,0.9856,0.9856,0.9999,0,3.46e-06,Conv Flatten Gemm MaxPool Relu,20,P2.onnx
A2,mnist,c8s2 a c16 a,Conv8/2 - AvgPool - Conv16 - AvgPool - FC32 - FC,1x28x28,10,2,2,avg,A,2,568,536,6274,15,0.9734,0.9753,0.9753,0.9997,0,8.34e-06,AveragePool Conv Flatten Gemm Relu,22,A2.onnx
NP3,mnist,c4s2 p c8 c8 p,Conv4/2 - MaxPool - Conv8 - Conv8 - MaxPool - FC32 - FC,1x28x28,10,3,2,max,NP,3,692,268,3614,15,0.9762,0.9786,0.9786,0.9997,0,6.63e-06,Conv Flatten Gemm MaxPool Relu,25,NP3.onnx
NA3,mnist,c4s2 a c8 c8 a,Conv4/2 - AvgPool - Conv8 - Conv8 - AvgPool - FC32 - FC,1x28x28,10,3,2,avg,NA,3,692,268,3614,15,0.9740,0.9778,0.9778,0.9997,0,5.48e-06,AveragePool Conv Flatten Gemm Relu,23,NA3.onnx
NS1,mnist,c4s2,Conv4/2 - FC32 - FC,1x28x28,10,1,0,none,NS,1,816,0,25518,15,0.9811,0.9821,0.9821,0.9997,0,1.55e-06,Conv Flatten Gemm Relu,18,NS1.onnx
NAB1,mnist,c4s2 a,Conv4/2 - AvgPool - FC32 - FC,1x28x28,10,1,1,avg,NAB,1,816,196,6702,15,0.9716,0.9740,0.9740,0.9996,0,1.55e-06,AveragePool Conv Flatten Gemm Relu,18,NAB1.onnx
NS2,mnist,c4s2 c8s2,Conv4/2 - Conv8/2 - FC32 - FC,1x28x28,10,2,0,none,NS,2,1208,0,13494,15,0.9847,0.9857,0.9857,1.0000,0,6.85e-06,Conv Flatten Gemm Relu,22,NS2.onnx
NAB2,mnist,c4s2 a c8 a,Conv4/2 - AvgPool - Conv8 - AvgPool - FC32 - FC,1x28x28,10,2,2,avg,NAB,2,1208,268,3030,15,0.9738,0.9771,0.9771,1.0000,0,4.77e-06,AveragePool Conv Flatten Gemm Relu,22,NAB2.onnx
P3,mnist,c8s2 p c16 c16 p,Conv8/2 - MaxPool - Conv16 - Conv16 - MaxPool - FC32 - FC,1x28x28,10,3,2,max,P,3,1352,536,8594,15,0.9899,0.9900,0.9900,0.9998,0,3.34e-06,Conv Flatten Gemm MaxPool Relu,24,P3.onnx
A3,mnist,c8s2 a c16 c16 a,Conv8/2 - AvgPool - Conv16 - Conv16 - AvgPool - FC32 - FC,1x28x28,10,3,2,avg,A,3,1352,536,8594,15,0.9868,0.9874,0.9874,1.0000,0,4.53e-06,AveragePool Conv Flatten Gemm Relu,23,A3.onnx
NP4,mnist,c4s2 c4 p c8 c8 p,Conv4/2 - Conv4 - MaxPool - Conv8 - Conv8 - MaxPool - FC32 - FC,1x28x28,10,4,2,max,NP,4,1476,268,3762,15,0.9835,0.9841,0.9841,0.9998,0,6.85e-06,Conv Flatten Gemm MaxPool Relu,28,NP4.onnx
NA4,mnist,c4s2 c4 a c8 c8 a,Conv4/2 - Conv4 - AvgPool - Conv8 - Conv8 - AvgPool - FC32 - FC,1x28x28,10,4,2,avg,NA,4,1476,268,3762,15,0.9830,0.9827,0.9827,1.0000,0,4.57e-06,AveragePool Conv Flatten Gemm Relu,27,NA4.onnx
NP5,mnist,c4s2 c4 p c8 c8 p c16 p,Conv4/2 - Conv4 - MaxPool - Conv8 - Conv8 - MaxPool - Conv16 - MaxPool - FC32 - FC,1x28x28,10,5,3,max,NP,5,1492,284,3138,15,0.9842,0.9856,0.9856,0.9999,0,4.58e-06,Conv Flatten Gemm MaxPool Relu,32,NP5.onnx
NA5,mnist,c4s2 c4 a c8 c8 a c16 a,Conv4/2 - Conv4 - AvgPool - Conv8 - Conv8 - AvgPool - Conv16 - AvgPool - FC32 - FC,1x28x28,10,5,3,avg,NA,5,1492,284,3138,15,0.9785,0.9799,0.9799,0.9997,0,6.69e-06,AveragePool Conv Flatten Gemm Relu,32,NA5.onnx
S1,mnist,c8s2,Conv8/2 - FC32 - FC,1x28x28,10,1,0,none,S,1,1600,0,50674,15,0.9862,0.9864,0.9864,0.9998,0,4.37e-06,Conv Flatten Gemm Relu,16,S1.onnx
NS3,mnist,c4s2 c8s2 c8,Conv4/2 - Conv8/2 - Conv8 - FC32 - FC,1x28x28,10,3,0,none,NS,3,1600,0,14078,15,0.9881,0.9884,0.9884,1.0000,0,2.92e-06,Conv Flatten Gemm Relu,26,NS3.onnx
NAB3,mnist,c4s2 a c8 c8 a,Conv4/2 - AvgPool - Conv8 - Conv8 - AvgPool - FC32 - FC,1x28x28,10,3,2,avg,NAB,3,1600,268,3614,15,0.9808,0.9824,0.9824,1.0000,0,3.41e-06,AveragePool Conv Flatten Gemm Relu,25,NAB3.onnx
AB1,mnist,c8s2 a,Conv8/2 - AvgPool - FC32 - FC,1x28x28,10,1,1,avg,AB,1,1600,392,13042,15,0.9816,0.9835,0.9835,0.9999,0,3.52e-06,AveragePool Conv Flatten Gemm Relu,17,AB1.onnx
NP6,mnist,c4s2 c4 p c8 c8 p c16 c16 p,Conv4/2 - Conv4 - MaxPool - Conv8 - Conv8 - MaxPool - Conv16 - Conv16 - MaxPool - FC32 - FC,1x28x28,10,6,3,max,NP,6,1636,284,5458,15,0.9883,0.9877,0.9877,0.9997,0,5.96e-06,Conv Flatten Gemm MaxPool Relu,34,NP6.onnx
NA6,mnist,c4s2 c4 a c8 c8 a c16 c16 a,Conv4/2 - Conv4 - AvgPool - Conv8 - Conv8 - AvgPool - Conv16 - Conv16 - AvgPool - FC32 - FC,1x28x28,10,6,3,avg,NA,6,1636,284,5458,15,0.9857,0.9853,0.9853,0.9998,0,6.08e-06,AveragePool Conv Flatten Gemm Relu,34,NA6.onnx
S2,mnist,c8s2 c16s2,Conv8/2 - Conv16/2 - FC32 - FC,1x28x28,10,2,0,none,S,2,2384,0,27650,15,0.9911,0.9906,0.9906,1.0000,0,4.50e-06,Conv Flatten Gemm Relu,17,S2.onnx
NS4,mnist,c4s2 c4 c8s2 c8,Conv4/2 - Conv4 - Conv8/2 - Conv8 - FC32 - FC,1x28x28,10,4,0,none,NS,4,2384,0,14226,15,0.9903,0.9900,0.9900,0.9999,0,3.40e-06,Conv Flatten Gemm Relu,27,NS4.onnx
NAB4,mnist,c4s2 c4 a c8 c8 a,Conv4/2 - Conv4 - AvgPool - Conv8 - Conv8 - AvgPool - FC32 - FC,1x28x28,10,4,2,avg,NAB,4,2384,268,3762,15,0.9851,0.9866,0.9866,1.0000,0,3.34e-06,AveragePool Conv Flatten Gemm Relu,37,NAB4.onnx
AB2,mnist,c8s2 a c16 a,Conv8/2 - AvgPool - Conv16 - AvgPool - FC32 - FC,1x28x28,10,2,2,avg,AB,2,2384,536,6274,15,0.9871,0.9885,0.9885,1.0000,0,4.11e-06,AveragePool Conv Flatten Gemm Relu,23,AB2.onnx
NS5,mnist,c4s2 c4 c8s2 c8 c16s2,Conv4/2 - Conv4 - Conv8/2 - Conv8 - Conv16/2 - FC32 - FC,1x28x28,10,5,0,none,NS,5,2528,0,8354,15,0.9897,0.9898,0.9898,0.9999,0,4.41e-06,Conv Flatten Gemm Relu,30,NS5.onnx
NAB5,mnist,c4s2 c4 a c8 c8 a c16 a,Conv4/2 - Conv4 - AvgPool - Conv8 - Conv8 - AvgPool - Conv16 - AvgPool - FC32 - FC,1x28x28,10,5,3,avg,NAB,5,2528,284,3138,15,0.9850,0.9853,0.9853,0.9998,0,8.90e-06,AveragePool Conv Flatten Gemm Relu,32,NAB5.onnx
NS6,mnist,c4s2 c4 c8s2 c8 c16s2 c16,Conv4/2 - Conv4 - Conv8/2 - Conv8 - Conv16/2 - Conv16 - FC32 - FC,1x28x28,10,6,0,none,NS,6,2672,0,10674,15,0.9923,0.9915,0.9915,1.0000,0,6.23e-06,Conv Flatten Gemm Relu,32,NS6.onnx
NAB6,mnist,c4s2 c4 a c8 c8 a c16 c16 a,Conv4/2 - Conv4 - AvgPool - Conv8 - Conv8 - AvgPool - Conv16 - Conv16 - AvgPool - FC32 - FC,1x28x28,10,6,3,avg,NAB,6,2672,284,5458,15,0.9896,0.9884,0.9884,0.9999,0,5.36e-06,AveragePool Conv Flatten Gemm Relu,36,NAB6.onnx
P4,mnist,c8s2 c8 p c16 c16 p,Conv8/2 - Conv8 - MaxPool - Conv16 - Conv16 - MaxPool - FC32 - FC,1x28x28,10,4,2,max,P,4,2920,536,9178,15,0.9929,0.9932,0.9932,0.9999,0,3.40e-06,Conv Flatten Gemm MaxPool Relu,27,P4.onnx
A4,mnist,c8s2 c8 a c16 c16 a,Conv8/2 - Conv8 - AvgPool - Conv16 - Conv16 - AvgPool - FC32 - FC,1x28x28,10,4,2,avg,A,4,2920,536,9178,15,0.9923,0.9910,0.9910,1.0000,0,7.66e-06,AveragePool Conv Flatten Gemm Relu,28,A4.onnx
P5,mnist,c8s2 c8 p c16 c16 p c32 p,Conv8/2 - Conv8 - MaxPool - Conv16 - Conv16 - MaxPool - Conv32 - MaxPool - FC32 - FC,1x28x28,10,5,3,max,P,5,2952,568,10234,15,0.9940,0.9930,0.9930,0.9997,0,5.39e-06,Conv Flatten Gemm MaxPool Relu,29,P5.onnx
A5,mnist,c8s2 c8 a c16 c16 a c32 a,Conv8/2 - Conv8 - AvgPool - Conv16 - Conv16 - AvgPool - Conv32 - AvgPool - FC32 - FC,1x28x28,10,5,3,avg,A,5,2952,568,10234,15,0.9932,0.9917,0.9917,1.0000,0,5.96e-06,AveragePool Conv Flatten Gemm Relu,31,A5.onnx
S3,mnist,c8s2 c16s2 c16,Conv8/2 - Conv16/2 - Conv16 - FC32 - FC,1x28x28,10,3,0,none,S,3,3168,0,29970,15,0.9936,0.9936,0.9936,0.9999,0,5.08e-06,Conv Flatten Gemm Relu,20,S3.onnx
AB3,mnist,c8s2 a c16 c16 a,Conv8/2 - AvgPool - Conv16 - Conv16 - AvgPool - FC32 - FC,1x28x28,10,3,2,avg,AB,3,3168,536,8594,15,0.9912,0.9903,0.9903,0.9998,0,2.98e-06,AveragePool Conv Flatten Gemm Relu,26,AB3.onnx
P6,mnist,c8s2 c8 p c16 c16 p c32 c32 p,Conv8/2 - Conv8 - MaxPool - Conv16 - Conv16 - MaxPool - Conv32 - Conv32 - MaxPool - FC32 - FC,1x28x28,10,6,3,max,P,6,3240,568,19482,15,0.9954,0.9935,0.9935,1.0000,0,7.39e-06,Conv Flatten Gemm MaxPool Relu,33,P6.onnx
A6,mnist,c8s2 c8 a c16 c16 a c32 c32 a,Conv8/2 - Conv8 - AvgPool - Conv16 - Conv16 - AvgPool - Conv32 - Conv32 - AvgPool - FC32 - FC,1x28x28,10,6,3,avg,A,6,3240,568,19482,15,0.9945,0.9921,0.9921,0.9999,0,3.53e-06,AveragePool Conv Flatten Gemm Relu,33,A6.onnx
S4,mnist,c8s2 c8 c16s2 c16,Conv8/2 - Conv8 - Conv16/2 - Conv16 - FC32 - FC,1x28x28,10,4,0,none,S,4,4736,0,30554,15,0.9943,0.9935,0.9935,0.9999,0,5.20e-06,Conv Flatten Gemm Relu,27,S4.onnx
AB4,mnist,c8s2 c8 a c16 c16 a,Conv8/2 - Conv8 - AvgPool - Conv16 - Conv16 - AvgPool - FC32 - FC,1x28x28,10,4,2,avg,AB,4,4736,536,9178,15,0.9933,0.9933,0.9933,0.9999,0,2.05e-06,AveragePool Conv Flatten Gemm Relu,29,AB4.onnx
S5,mnist,c8s2 c8 c16s2 c16 c32s2,Conv8/2 - Conv8 - Conv16/2 - Conv16 - Conv32/2 - FC32 - FC,1x28x28,10,5,0,none,S,5,5024,0,22906,15,0.9954,0.9952,0.9952,0.9999,0,2.32e-06,Conv Flatten Gemm Relu,28,S5.onnx
AB5,mnist,c8s2 c8 a c16 c16 a c32 a,Conv8/2 - Conv8 - AvgPool - Conv16 - Conv16 - AvgPool - Conv32 - AvgPool - FC32 - FC,1x28x28,10,5,3,avg,AB,5,5024,568,10234,15,0.9950,0.9934,0.9934,1.0000,0,4.23e-06,AveragePool Conv Flatten Gemm Relu,31,AB5.onnx
S6,mnist,c8s2 c8 c16s2 c16 c32s2 c32,Conv8/2 - Conv8 - Conv16/2 - Conv16 - Conv32/2 - Conv32 - FC32 - FC,1x28x28,10,6,0,none,S,6,5312,0,32154,15,0.9962,0.9951,0.9951,1.0000,0,3.78e-06,Conv Flatten Gemm Relu,32,S6.onnx
AB6,mnist,c8s2 c8 a c16 c16 a c32 c32 a,Conv8/2 - Conv8 - AvgPool - Conv16 - Conv16 - AvgPool - Conv32 - Conv32 - AvgPool - FC32 - FC,1x28x28,10,6,3,avg,AB,6,5312,568,19482,15,0.9960,0.9938,0.9938,1.0000,0,3.26e-06,AveragePool Conv Flatten Gemm Relu,34,AB6.onnx
