person_age,person_income,person_emp_exp,loan_amnt,loan_int_rate,loan_percent_income,cb_person_cred_hist_length,credit_score,person_gender_male,person_education_Bachelor,person_education_Doctorate,person_education_High School,person_education_Master,person_home_ownership_OTHER,person_home_ownership_OWN,person_home_ownership_RENT,loan_intent_EDUCATION,loan_intent_HOMEIMPROVEMENT,loan_intent_MEDICAL,loan_intent_PERSONAL,loan_intent_VENTURE,previous_loan_defaults_on_file_Yes,loan_status_ground_truth
0.05405405405405406,0.03775452633528376,0.039473684210526314,0.27188405797101445,0.27091906721536346,0.15151515151515152,0.07142857142857142,0.5888324873096447,1.0,0.0,0.0,0.0,0.0,0.0,0.0,1.0,0.0,0.0,1.0,0.0,0.0,1.0,0
0.02702702702702703,0.03446279511984663,0.0,0.6811594202898551,0.3820301783264746,0.3939393939393939,0.0,0.631979695431472,1.0,0.0,0.0,1.0,0.0,0.0,0.0,0.0,0.0,0.0,0.0,0.0,1.0,1.0,0
0.10810810810810811,0.04450310796952137,0.05263157894736842,0.42028985507246375,0.3141289437585734,0.19696969696969696,0.24999999999999997,0.6903553299492384,0.0,0.0,0.0,0.0,1.0,0.0,0.0,0.0,0.0,0.0,0.0,0.0,1.0,1.0,0
0.04054054054054057,0.04384304088113834,0.05263157894736842,0.10144927536231883,0.168724279835391,0.045454545454545456,0.03571428571428571,0.6624365482233501,0.0,0.0,0.0,0.0,0.0,0.0,0.0,0.0,0.0,0.0,0.0,0.0,1.0,0.0,0
0.04054054054054057,0.018006597393083267,0.0,0.3333333333333333,0.5438957475994513,0.3484848484848485,0.03571428571428571,0.43147208121827396,1.0,1.0,0.0,0.0,0.0,0.0,0.0,1.0,1.0,0.0,0.0,0.0,0.0,1.0,0
0.02702702702702703,0.02654854566037643,0.0,0.13043478260869565,0.0768175582990398,0.10606060606060606,0.03571428571428571,0.6370558375634516,1.0,0.0,0.0,0.0,1.0,0.0,0.0,0.0,0.0,0.0,0.0,0.0,0.0,1.0,0
0.06756756756756754,0.03790817323667646,0.039473684210526314,0.13043478260869565,0.09190672153635115,0.07575757575757576,0.07142857142857142,0.814720812182741,1.0,1.0,0.0,0.0,0.0,0.0,0.0,0.0,0.0,0.0,0.0,1.0,0.0,1.0,0
0.02702702702702703,0.013188230565408306,0.0,0.15942028985507245,0.5781893004115226,0.22727272727272727,0.03571428571428571,0.6700507614213198,1.0,0.0,0.0,0.0,0.0,0.0,0.0,1.0,0.0,0.0,0.0,0.0,0.0,0.0,0
0.14864864864864868,0.02671981073979549,0.07894736842105263,0.22802898550724635,0.4670781893004116,0.16666666666666666,0.14285714285714285,0.5913705583756343,1.0,0.0,0.0,1.0,0.0,0.0,0.0,1.0,0.0,0.0,0.0,0.0,1.0,1.0,0
0.08108108108108109,0.048753186124578546,0.05263157894736842,0.15942028985507245,0.3861454046639233,0.07575757575757576,0.07142857142857142,0.5786802030456852,1.0,0.0,0.0,0.0,0.0,0.0,0.0,0.0,0.0,0.0,0.0,1.0,0.0,0.0,0
0.20270270270270274,0.016037868429904848,0.19736842105263158,0.13043478260869565,0.38340192043895754,0.16666666666666666,0.24999999999999997,0.7690355329949237,0.0,0.0,0.0,0.0,1.0,0.0,0.0,0.0,1.0,0.0,0.0,0.0,0.0,1.0,0
0.16216216216216217,0.026693178610220754,0.10526315789473684,0.07971014492753624,0.5534979423868314,0.06060606060606061,0.10714285714285712,0.680203045685279,1.0,1.0,0.0,0.0,0.0,0.0,0.0,0.0,0.0,1.0,0.0,0.0,0.0,1.0,0
0.1891891891891892,0.03838878074423281,0.11842105263157894,0.25362318840579706,0.4074074074074074,0.13636363636363635,0.21428571428571427,0.7715736040609136,1.0,0.0,0.0,0.0,0.0,0.0,0.0,0.0,0.0,0.0,0.0,1.0,0.0,1.0,0
0.04054054054054057,0.032508406534131534,0.039473684210526314,0.07246376811594203,0.1378600823045268,0.045454545454545456,0.0,0.7284263959390862,1.0,0.0,0.0,1.0,0.0,0.0,0.0,1.0,0.0,0.0,0.0,1.0,0.0,1.0,0
0.04054054054054057,0.019141126112966936,0.0,0.21159420289855072,0.49862825788751713,0.21212121212121213,0.07142857142857142,0.7030456852791878,1.0,0.0,0.0,1.0,0.0,0.0,0.0,1.0,0.0,0.0,0.0,0.0,0.0,1.0,0
0.06756756756756754,0.014265807500509084,0.039473684210526314,0.10144927536231883,0.7455418381344308,0.13636363636363635,0.0,0.7360406091370557,0.0,1.0,0.0,0.0,0.0,0.0,0.0,1.0,0.0,0.0,0.0,0.0,1.0,1.0,0
0.05405405405405406,0.0315476012440892,0.0,0.4978840579710145,0.406721536351166,0.3181818181818182,0.03571428571428571,0.6954314720812182,0.0,0.0,0.0,1.0,0.0,0.0,0.0,0.0,0.0,1.0,0.0,0.0,0.0,0.0,0
0.1216216216216216,0.05915651538661043,0.09210526315789473,0.42028985507246375,0.168724279835391,0.15151515151515152,0.21428571428571427,0.6878172588832487,1.0,1.0,0.0,0.0,0.0,0.0,0.0,0.0,0.0,1.0,0.0,0.0,0.0,1.0,0
0.06756756756756754,0.05621591855648941,0.0,0.2753623188405797,0.38340192043895754,0.10606060606060606,0.0,0.7182741116751268,0.0,0.0,0.0,0.0,1.0,0.0,0.0,0.0,1.0,0.0,0.0,0.0,0.0,1.0,0
0.013513513513513487,0.012808415425165559,0.0,0.3333333333333333,0.38340192043895754,0.46969696969696967,0.0,0.5837563451776648,1.0,0.0,0.0,0.0,0.0,0.0,0.0,1.0,0.0,0.0,1.0,0.0,0.0,0.0,1
0.09459459459459463,0.022699588349221787,0.02631578947368421,0.3405797101449275,0.4074074074074074,0.2878787878787879,0.10714285714285712,0.5203045685279186,1.0,0.0,0.0,1.0,0.0,0.0,0.0,1.0,0.0,0.0,0.0,1.0,0.0,0.0,0
0.05405405405405406,0.001136987070305954,0.02631578947368421,0.012231884057971015,0.3216735253772291,0.13636363636363635,0.07142857142857142,0.6065989847715736,1.0,1.0,0.0,0.0,0.0,0.0,0.0,1.0,0.0,0.0,1.0,0.0,0.0,1.0,0
0.13513513513513514,0.016712685620821573,0.07894736842105263,0.42028985507246375,0.14197530864197533,0.46969696969696967,0.10714285714285712,0.6345177664974619,1.0,0.0,0.0,1.0,0.0,0.0,0.0,0.0,1.0,0.0,0.0,0.0,0.0,0.0,1
0.10810810810810811,0.02767651877913401,0.07894736842105263,0.3739130434782608,0.5240054869684501,0.2727272727272727,0.14285714285714285,0.3451776649746192,0.0,0.0,0.0,1.0,0.0,0.0,0.0,1.0,0.0,0.0,0.0,0.0,0.0,1.0,0
0.17567567567567566,0.058584129463288837,0.14473684210526316,0.5652173913043479,0.168724279835391,0.19696969696969696,0.10714285714285712,0.3857868020304567,1.0,0.0,0.0,1.0,0.0,0.0,0.0,0.0,0.0,0.0,1.0,0.0,0.0,0.0,0
0.09459459459459463,0.056117994264668465,0.09210526315789473,0.15942028985507245,0.5692729766803841,0.06060606060606061,0.2857142857142857,0.6091370558375633,1.0,0.0,0.0,1.0,0.0,0.0,0.0,0.0,0.0,0.0,0.0,1.0,0.0,1.0,0
0.09459459459459463,0.0032188001529093965,0.09210526315789473,0.07971014492753624,0.3388203017832648,0.30303030303030304,0.24999999999999997,0.680203045685279,1.0,1.0,0.0,0.0,0.0,0.0,0.0,1.0,0.0,0.0,0.0,0.0,1.0,0.0,1
0.06756756756756754,0.036302870410925565,0.039473684210526314,0.3333333333333333,0.33470507544581624,0.18181818181818182,0.03571428571428571,0.5913705583756343,0.0,0.0,0.0,0.0,0.0,0.0,0.0,1.0,0.0,0.0,1.0,0.0,0.0,1.0,0
0.05405405405405406,0.026608775245722367,0.039473684210526314,0.2753623188405797,0.38340192043895754,0.21212121212121213,0.0,0.5228426395939085,0.0,1.0,0.0,0.0,0.0,0.0,0.0,1.0,1.0,0.0,0.0,0.0,0.0,1.0,0
0.16216216216216217,0.013117757853302856,0.09210526315789473,0.23115942028985506,0.38340192043895754,0.3181818181818182,0.14285714285714285,0.6751269035532994,1.0,0.0,0.0,0.0,0.0,0.0,0.0,1.0,0.0,1.0,0.0,0.0,0.0,0.0,1
0.05405405405405406,0.02081772110096404,0.039473684210526314,0.15942028985507245,0.38340192043895754,0.15151515151515152,0.03571428571428571,0.8299492385786802,0.0,1.0,0.0,0.0,0.0,0.0,0.0,1.0,1.0,0.0,0.0,0.0,0.0,0.0,0
0.02702702702702703,0.014116667574890572,0.0,0.07246376811594203,0.5685871056241427,0.10606060606060606,0.03571428571428571,0.4568527918781724,0.0,0.0,0.0,0.0,0.0,0.0,0.0,1.0,1.0,0.0,0.0,0.0,0.0,1.0,0
0.08108108108108109,0.02657353888966964,0.013157894736842105,0.15942028985507245,0.24142661179698216,0.12121212121212122,0.07142857142857142,0.3401015228426396,1.0,0.0,0.0,1.0,0.0,0.0,0.0,0.0,0.0,0.0,0.0,0.0,0.0,1.0,0
0.1216216216216216,0.02860987248946085,0.06578947368421052,0.07246376811594203,0.38340192043895754,0.06060606060606061,0.2857142857142857,0.6116751269035532,1.0,0.0,0.0,0.0,1.0,0.0,0.0,0.0,0.0,0.0,1.0,0.0,0.0,0.0,0
0.02702702702702703,0.038429343526200484,0.0,0.2753623188405797,0.168724279835391,0.15151515151515152,0.03571428571428571,0.5406091370558375,1.0,0.0,0.0,0.0,1.0,0.0,0.0,0.0,0.0,0.0,1.0,0.0,0.0,1.0,0
0.013513513513513487,0.02340390574520591,0.0,0.4492753623188405,0.7016460905349795,0.3787878787878788,0.07142857142857142,0.6345177664974619,0.0,0.0,0.0,0.0,0.0,0.0,0.0,0.0,1.0,0.0,0.0,0.0,0.0,1.0,0
0.08108108108108109,0.01772880379536527,0.02631578947368421,0.3188405797101449,0.3792866941015089,0.3333333333333333,0.07142857142857142,0.6522842639593909,0.0,0.0,1.0,0.0,0.0,0.0,0.0,1.0,1.0,0.0,0.0,0.0,0.0,1.0,0
0.09459459459459463,0.032563719418632904,0.05263157894736842,0.2753623188405797,0.3820301783264746,0.16666666666666666,0.24999999999999997,0.5507614213197969,1.0,1.0,0.0,0.0,0.0,0.0,0.0,0.0,0.0,0.0,0.0,0.0,0.0,0.0,0
0.13513513513513514,0.008439107274627652,0.06578947368421052,0.17391304347826086,0.6378600823045268,0.3484848484848485,0.2857142857142857,0.8527918781725887,1.0,0.0,1.0,0.0,0.0,0.0,0.0,1.0,0.0,0.0,0.0,1.0,0.0,0.0,0
0.06756756756756754,0.02415698042456531,0.05263157894736842,0.17101449275362318,0.041838134430727036,0.15151515151515152,0.03571428571428571,0.4035532994923856,1.0,0.0,0.0,0.0,1.0,0.0,0.0,0.0,1.0,0.0,0.0,0.0,0.0,1.0,0
0.08108108108108109,0.021687157700311512,0.05263157894736842,0.2753623188405797,0.168724279835391,0.24242424242424243,0.0,0.5203045685279186,1.0,0.0,0.0,0.0,0.0,0.0,0.0,0.0,1.0,0.0,0.0,0.0,0.0,1.0,0
0.04054054054054057,0.019798734850927677,0.02631578947368421,0.24637681159420288,0.313443072702332,0.24242424242424243,0.03571428571428571,0.5862944162436547,1.0,0.0,0.0,0.0,0.0,0.0,0.0,1.0,0.0,0.0,0.0,1.0,0.0,0.0,0
0.21621621621621623,0.04024688393840849,0.13157894736842105,0.21014492753623187,0.5356652949245542,0.10606060606060606,0.4285714285714286,0.5380710659898476,0.0,1.0,0.0,0.0,0.0,0.0,0.0,0.0,0.0,0.0,0.0,0.0,0.0,0.0,1
0.22972972972972971,0.04475344998752387,0.21052631578947367,0.2753623188405797,0.38340192043895754,0.13636363636363635,0.4642857142857143,0.6040609137055837,0.0,0.0,0.0,0.0,0.0,0.0,0.0,0.0,0.0,0.0,0.0,0.0,0.0,0.0,0
0.05405405405405406,0.02860823358917932,0.0,0.16231884057971013,0.906721536351166,0.12121212121212122,0.07142857142857142,0.6979695431472079,1.0,1.0,0.0,0.0,0.0,0.0,1.0,0.0,0.0,0.0,0.0,0.0,1.0,0.0,1
0.06756756756756754,0.05622780058353044,0.039473684210526314,0.7101449275362319,0.36488340192043905,0.25757575757575757,0.0,0.7436548223350252,0.0,0.0,0.0,1.0,0.0,0.0,0.0,1.0,0.0,0.0,1.0,0.0,0.0,0.0,0
0.05405405405405406,0.036577386208080515,0.0,0.6811594202898551,0.7407407407407407,0.3787878787878788,0.03571428571428571,0.6903553299492384,1.0,0.0,0.0,1.0,0.0,0.0,0.0,0.0,0.0,0.0,0.0,0.0,0.0,0.0,0
0.06756756756756754,0.01743052394412825,0.013157894736842105,0.21739130434782605,0.43072702331961593,0.24242424242424243,0.10714285714285712,0.6040609137055837,0.0,0.0,0.0,0.0,0.0,0.0,0.0,1.0,0.0,0.0,0.0,1.0,0.0,0.0,0
0.28378378378378377,0.024519177386781693,0.25,0.24637681159420288,0.03909465020576136,0.19696969696969696,0.5,0.6192893401015227,1.0,0.0,0.0,0.0,1.0,0.0,0.0,1.0,0.0,1.0,0.0,0.0,0.0,1.0,0
0.09459459459459463,0.012009451537923536,0.11842105263157894,0.4492753623188405,0.3141289437585734,0.6515151515151515,0.10714285714285712,0.6446700507614211,0.0,1.0,0.0,0.0,0.0,0.0,0.0,1.0,0.0,0.0,1.0,0.0,0.0,0.0,1
0.013513513513513487,0.018020118320405825,0.0,0.1681159420289855,0.10768175582990402,0.18181818181818182,0.03571428571428571,0.5050761421319796,1.0,0.0,0.0,1.0,0.0,0.0,0.0,1.0,1.0,0.0,0.0,0.0,0.0,1.0,0
0.10810810810810811,0.021010291884042888,0.06578947368421052,0.42028985507246375,0.5109739368998627,0.3787878787878788,0.21428571428571427,0.6015228426395938,1.0,1.0,0.0,0.0,0.0,0.0,0.0,1.0,0.0,0.0,0.0,1.0,0.0,0.0,1
0.09459459459459463,0.011844742059630566,0.06578947368421052,0.13043478260869565,0.8621399176954732,0.21212121212121213,0.2857142857142857,0.6421319796954315,1.0,0.0,0.0,1.0,0.0,0.0,0.0,1.0,0.0,0.0,0.0,0.0,0.0,0.0,1
0.04054054054054057,0.019274286760840607,0.039473684210526314,0.42028985507246375,0.38340192043895754,0.4090909090909091,0.03571428571428571,0.5964467005076142,0.0,0.0,0.0,1.0,0.0,0.0,0.0,1.0,0.0,0.0,1.0,0.0,0.0,0.0,1
0.1216216216216216,0.03144762832691635,0.06578947368421052,0.14782608695652172,0.45061728395061734,0.10606060606060606,0.14285714285714285,0.5786802030456852,0.0,0.0,0.0,0.0,0.0,0.0,0.0,1.0,0.0,1.0,0.0,0.0,0.0,1.0,0
0.02702702702702703,0.019740144165863262,0.0,0.13043478260869565,0.38340192043895754,0.13636363636363635,0.03571428571428571,0.4593908629441623,0.0,1.0,0.0,0.0,0.0,0.0,0.0,1.0,1.0,0.0,0.0,0.0,0.0,0.0,1
0.04054054054054057,0.039417600395958305,0.0,0.1246376811594203,0.28806584362139914,0.07575757575757576,0.03571428571428571,0.6345177664974619,0.0,1.0,0.0,0.0,0.0,0.0,0.0,1.0,0.0,0.0,0.0,0.0,1.0,0.0,0
0.06756756756756754,0.031119438545541556,0.05263157894736842,0.21739130434782605,0.5877914951989027,0.15151515151515152,0.0,0.6522842639593909,0.0,0.0,0.0,1.0,0.0,0.0,0.0,1.0,0.0,0.0,0.0,1.0,0.0,0.0,1
0.04054054054054057,0.0253226482497979,0.02631578947368421,0.49130434782608695,0.08230452674897121,0.3787878787878788,0.03571428571428571,0.5025380710659897,1.0,0.0,0.0,0.0,0.0,0.0,0.0,0.0,0.0,0.0,0.0,0.0,1.0,1.0,0
0.1216216216216216,0.02263894903880547,0.06578947368421052,0.29379710144927534,0.29629629629629634,0.25757575757575757,0.07142857142857142,0.3299492385786802,1.0,0.0,0.0,1.0,0.0,0.0,0.0,1.0,0.0,0.0,0.0,0.0,0.0,1.0,0
0.08108108108108109,0.03884439502249595,0.02631578947368421,0.08985507246376812,0.45061728395061734,0.06060606060606061,0.0,0.43908629441624347,1.0,0.0,0.0,1.0,0.0,0.0,0.0,1.0,1.0,0.0,0.0,0.0,0.0,1.0,0
0.09459459459459463,0.02357926807532877,0.06578947368421052,0.7847826086956522,0.38340192043895754,0.6363636363636364,0.2857142857142857,0.7030456852791878,1.0,0.0,1.0,0.0,0.0,0.0,0.0,0.0,0.0,1.0,0.0,0.0,0.0,1.0,0
0.16216216216216217,0.033104966236605575,0.09210526315789473,0.3333333333333333,0.48010973936899864,0.21212121212121213,0.17857142857142858,0.5659898477157359,1.0,0.0,0.0,1.0,0.0,0.0,0.0,0.0,1.0,0.0,0.0,0.0,0.0,1.0,0
0.09459459459459463,0.04839836421362901,0.05263157894736842,0.9999999999999999,0.38340192043895754,0.42424242424242425,0.2857142857142857,0.4974619289340101,1.0,0.0,0.0,0.0,0.0,0.0,1.0,0.0,1.0,0.0,0.0,0.0,0.0,1.0,0
0.04054054054054057,0.05356376817591628,0.0,0.6811594202898551,1.0,0.25757575757575757,0.03571428571428571,0.5659898477157359,1.0,0.0,0.0,0.0,1.0,0.0,0.0,1.0,0.0,0.0,1.0,0.0,0.0,0.0,1
0.09459459459459463,0.03133085668185791,0.10526315789473684,0.17391304347826086,0.36488340192043905,0.12121212121212122,0.2857142857142857,0.5532994923857868,0.0,1.0,0.0,0.0,0.0,0.0,0.0,0.0,0.0,0.0,1.0,0.0,0.0,1.0,0
0.04054054054054057,0.026639094900930527,0.0,0.2753623188405797,0.10288065843621402,0.21212121212121213,0.07142857142857142,0.6218274111675126,0.0,0.0,0.0,0.0,0.0,0.0,1.0,0.0,0.0,0.0,1.0,0.0,0.0,1.0,0
0.02702702702702703,0.027091431378630623,0.0,0.5130434782608696,0.14334705075445814,0.3787878787878788,0.07142857142857142,0.6776649746192893,1.0,1.0,0.0,0.0,0.0,0.0,0.0,0.0,0.0,0.0,1.0,0.0,0.0,0.0,0
0.02702702702702703,0.02944120465726293,0.0,0.15942028985507245,0.17009602194787382,0.12121212121212122,0.03571428571428571,0.6624365482233501,1.0,0.0,0.0,1.0,0.0,0.0,0.0,0.0,1.0,0.0,0.0,0.0,0.0,0.0,0
0.13513513513513514,0.035581754287055845,0.09210526315789473,0.21739130434782605,0.4869684499314129,0.12121212121212122,0.21428571428571427,0.6421319796954315,1.0,1.0,0.0,0.0,0.0,0.0,0.0,0.0,0.0,0.0,0.0,0.0,0.0,0.0,1
0.13513513513513514,0.026576406965162305,0.10526315789473684,0.10507246376811594,0.03909465020576136,0.09090909090909091,0.10714285714285712,0.7208121827411167,0.0,0.0,0.0,0.0,0.0,0.0,0.0,0.0,0.0,0.0,0.0,0.0,0.0,1.0,0
0.013513513513513487,0.013341877466801003,0.0,0.05797101449275363,0.041838134430727036,0.09090909090909091,0.07142857142857142,0.5964467005076142,0.0,0.0,0.0,1.0,0.0,0.0,1.0,0.0,0.0,0.0,0.0,1.0,0.0,1.0,0
0.08108108108108109,0.02324984911874283,0.05263157894736842,0.041304347826086954,0.09190672153635115,0.045454545454545456,0.07142857142857142,0.781725888324873,1.0,0.0,0.0,0.0,0.0,0.0,0.0,0.0,0.0,0.0,1.0,0.0,0.0,1.0,0
0.05405405405405406,0.049027701921733495,0.039473684210526314,0.42028985507246375,0.14197530864197533,0.18181818181818182,0.03571428571428571,0.7918781725888324,0.0,0.0,0.0,1.0,0.0,0.0,0.0,0.0,0.0,0.0,0.0,1.0,0.0,0.0,0
0.05405405405405406,0.033988333488345984,0.0,0.3333333333333333,0.08573388203017834,0.19696969696969696,0.07142857142857142,0.6142131979695431,0.0,0.0,0.0,1.0,0.0,0.0,0.0,0.0,0.0,1.0,0.0,0.0,0.0,0.0,0
0.21621621621621623,0.017295314670902676,0.19736842105263158,0.18840579710144925,0.28875171467764066,0.21212121212121213,0.4285714285714286,0.647208121827411,1.0,0.0,0.0,1.0,0.0,0.0,0.0,1.0,0.0,0.0,0.0,1.0,0.0,1.0,0
0.04054054054054057,0.046344002710741065,0.02631578947368421,0.2753623188405797,0.5589849108367628,0.12121212121212122,0.03571428571428571,0.5609137055837563,1.0,0.0,0.0,1.0,0.0,0.0,0.0,0.0,0.0,0.0,0.0,0.0,0.0,1.0,0
0.04054054054054057,0.02442985732143874,0.0,0.5652173913043479,0.6707818930041152,0.45454545454545453,0.07142857142857142,0.5837563451776648,0.0,0.0,0.0,0.0,0.0,0.0,0.0,1.0,0.0,0.0,1.0,0.0,0.0,0.0,1
0.08108108108108109,0.0463747320910196,0.039473684210526314,0.42028985507246375,0.7201646090534979,0.18181818181818182,0.03571428571428571,0.5761421319796953,0.0,1.0,0.0,0.0,0.0,0.0,0.0,0.0,0.0,0.0,0.0,0.0,1.0,1.0,0
0.08108108108108109,0.061242835444988056,0.09210526315789473,0.11739130434782609,0.5589849108367628,0.045454545454545456,0.03571428571428571,0.5,1.0,1.0,0.0,0.0,0.0,0.0,0.0,1.0,0.0,0.0,1.0,0.0,0.0,0.0,0
0.02702702702702703,0.028153029035986564,0.0,0.11594202898550725,0.0,0.09090909090909091,0.0,0.5786802030456852,1.0,0.0,0.0,1.0,0.0,0.0,0.0,0.0,1.0,0.0,0.0,0.0,0.0,0.0,0
0.1216216216216216,0.01240852375647417,0.13157894736842105,0.21739130434782605,0.36419753086419754,0.3181818181818182,0.24999999999999997,0.6598984771573604,0.0,1.0,0.0,0.0,0.0,0.0,0.0,1.0,1.0,0.0,0.0,0.0,0.0,0.0,1
0.17567567567567566,0.021682650724537327,0.10526315789473684,0.08985507246376812,0.5356652949245542,0.09090909090909091,0.24999999999999997,0.5710659898477157,1.0,1.0,0.0,0.0,0.0,0.0,0.0,1.0,1.0,0.0,0.0,0.0,0.0,1.0,0
0.1216216216216216,0.03248505220511984,0.10526315789473684,0.2753623188405797,0.1796982167352537,0.16666666666666666,0.14285714285714285,0.5076142131979695,1.0,0.0,0.0,1.0,0.0,0.0,0.0,1.0,0.0,1.0,0.0,0.0,0.0,0.0,0
0.08108108108108109,0.01194881222750722,0.02631578947368421,0.32463768115942027,0.43141289437585745,0.46969696969696967,0.0,0.5583756345177664,1.0,0.0,0.0,0.0,1.0,0.0,0.0,1.0,0.0,0.0,1.0,0.0,0.0,0.0,1
0.45945945945945954,0.05596557653848691,0.39473684210526316,0.4963768115942028,0.14197530864197533,0.18181818181818182,0.6428571428571428,0.6421319796954315,1.0,0.0,0.0,0.0,0.0,0.0,0.0,0.0,0.0,0.0,0.0,1.0,0.0,1.0,0
0.04054054054054057,0.014205577915163147,0.0,0.07246376811594203,0.36556927297668046,0.10606060606060606,0.07142857142857142,0.4035532994923856,0.0,0.0,0.0,0.0,0.0,0.0,0.0,0.0,0.0,1.0,0.0,0.0,0.0,0.0,1
0.17567567567567566,0.054595455903134436,0.10526315789473684,0.5652173913043479,0.05144032921810704,0.21212121212121213,0.14285714285714285,0.7715736040609136,0.0,1.0,0.0,0.0,0.0,0.0,0.0,0.0,0.0,1.0,0.0,0.0,0.0,0.0,0
0.09459459459459463,0.021244244899230165,0.09210526315789473,0.41773913043478256,0.31824417009602196,0.3787878787878788,0.17857142857142858,0.6675126903553299,0.0,0.0,0.0,0.0,0.0,0.0,0.0,1.0,0.0,0.0,1.0,0.0,0.0,0.0,1
0.10810810810810811,0.021687977150452273,0.06578947368421052,0.18840579710144925,0.6069958847736625,0.16666666666666666,0.24999999999999997,0.631979695431472,0.0,0.0,0.0,0.0,0.0,0.0,0.0,1.0,0.0,1.0,0.0,0.0,0.0,0.0,1
0.09459459459459463,0.035051160320913065,0.07894736842105263,0.672463768115942,0.05144032921810704,0.3787878787878788,0.2857142857142857,0.7106598984771573,0.0,1.0,0.0,0.0,0.0,0.0,0.0,0.0,0.0,0.0,0.0,1.0,0.0,1.0,0
0.17567567567567566,0.10768681107290197,0.14473684210526316,0.21739130434782605,0.313443072702332,0.045454545454545456,0.2857142857142857,0.5253807106598984,1.0,1.0,0.0,0.0,0.0,0.0,0.0,0.0,0.0,0.0,0.0,1.0,0.0,1.0,0
0.13513513513513514,0.011971347106378148,0.07894736842105263,0.39492753623188404,0.6193415637860082,0.5757575757575758,0.2857142857142857,0.6776649746192893,1.0,0.0,0.0,0.0,1.0,0.0,0.0,1.0,0.0,0.0,1.0,0.0,0.0,0.0,1
0.16216216216216217,0.021906770338035474,0.14473684210526316,0.22898550724637678,0.48010973936899864,0.21212121212121213,0.17857142857142858,0.7385786802030456,1.0,1.0,0.0,0.0,0.0,0.0,0.0,1.0,1.0,0.0,0.0,0.0,0.0,0.0,0
0.02702702702702703,0.032620671203415795,0.0,0.08695652173913043,0.0,0.06060606060606061,0.07142857142857142,0.748730964467005,0.0,1.0,0.0,0.0,0.0,0.0,0.0,0.0,0.0,0.0,0.0,0.0,0.0,1.0,0
0.22972972972972971,0.014800908442426045,0.19736842105263158,0.24637681159420288,0.14197530864197533,0.30303030303030304,0.5357142857142857,0.7411167512690355,1.0,0.0,0.0,1.0,0.0,0.0,0.0,0.0,1.0,0.0,0.0,0.0,0.0,1.0,0
0.06756756756756754,0.020134709408639706,0.02631578947368421,0.15942028985507245,0.0,0.16666666666666666,0.07142857142857142,0.5812182741116749,0.0,0.0,0.0,1.0,0.0,0.0,0.0,0.0,0.0,0.0,1.0,0.0,0.0,0.0,1
0.04054054054054057,0.025128438566437535,0.0,0.5652173913043479,0.45061728395061734,0.43939393939393934,0.03571428571428571,0.12436548223350252,1.0,1.0,0.0,0.0,0.0,0.0,0.0,0.0,1.0,0.0,0.0,0.0,0.0,1.0,0
0.013513513513513487,0.020654240797882212,0.0,0.2753623188405797,0.041838134430727036,0.25757575757575757,0.03571428571428571,0.7614213197969542,1.0,0.0,0.0,0.0,1.0,0.0,0.0,1.0,0.0,0.0,0.0,1.0,0.0,0.0,0
0.04054054054054057,0.0443973989013632,0.02631578947368421,0.5652173913043479,0.3820301783264746,0.25757575757575757,0.03571428571428571,0.6573604060913705,0.0,0.0,0.0,0.0,1.0,0.0,0.0,0.0,1.0,0.0,0.0,0.0,0.0,1.0,0
